{"initial_reset_timestamp": 1557068945.2678962, "timestamps": [1557068953.7968, 1557068960.802649, 1557068966.925133, 1557068969.941459, 1557068972.991271, 1557068975.507949, 1557068979.2418702, 1557068981.608639, 1557068988.159036, 1557069004.9230359, 1557069021.6099992, 1557069038.5109398, 1557069055.759136, 1557069073.728116, 1557069090.778003, 1557069093.176001, 1557069095.877528, 1557069099.593135, 1557069116.464585, 1557069119.221766, 1557069119.6936362, 1557069120.12133, 1557069122.400296, 1557069122.889645, 1557069123.2889411, 1557069123.77586, 1557069126.28615, 1557069162.882539, 1557069165.9917178, 1557069166.457789], "episode_lengths": [197, 184, 361, 181, 183, 151, 220, 142, 170, 1000, 1000, 1000, 1000, 1000, 1000, 139, 162, 223, 1000, 165, 144, 144, 1000, 193, 156, 165, 1000, 1000, 179, 182], "episode_rewards": [-16.240134256819246, 22.86701180334066, -61.4090152094611, 26.977109183586464, -3.6644300557855445, 1.5413833649793105, 34.797559900288746, 42.24483202701535, 24.70533746323312, 4.992119431971369, 92.92563956693785, 90.77680784690757, 90.45252314280826, 121.08267364232331, 148.76114320951913, 70.43496401213235, -49.31862489165131, 44.370235468654414, 82.75341424140213, 18.207358926787307, 43.67793157249585, 50.28407021930448, 99.34993417875049, 22.733396012199663, 29.55518528414197, 38.95204753675898, 89.47227900998969, 133.72278260168846, -36.98331641813532, 32.83739797224749], "episode_types": ["t", "t", "t", "t", "t", "t", "t", "t", "t", "t", "t", "t", "t", "t", "t", "t", "t", "t", "t", "t", "t", "t", "t", "t", "t", "t", "t", "t", "t", "t"]}